SLNo,ShoeName,Category,Price
0,PUMA x LAMELO BALL MB.01 Golden Child Men's Basketball Shoes,Men,140.00
1,PUMA x LAMELO BALL MB.03 Toxic Men's Basketball Shoes,Women,125.00
2,PUMA x LAMELO BALL MB.01 Golden Child Big Kids' Basketball Shoes,Men,120.00
3,FENTY x PUMA Creeper Phatty Women's Sneakers,Women,140.00
4,Viz Runner Repeat Men's Running Sneakers,Men,42.99
5,Riaze Prowl Rainbow Women's Sneakers,Men,45.99
6,Suede Classic XXI Sneakers,Men,75.00
7,PUMA x LAMELO BALL MB.03 Chino Hills Men's Basketball Shoes,Women,125.00
8,Star Vital Women's Training Shoes,Men,45.99
9,Softride Sophia 2 Women's Slip-on Shoes,Women,34.99
10,FENTY x PUMA Creeper Phatty Women's Sneakers,Men,140.00
11,Better Foam Prowl Slip On Women's Training Shoes,Men,40.99
12,PUMA x LAMELO BALL MB.03 LaFrancé Men's Basketball Shoes,Men,125.00
13,Ella Lace Up Women's Shoes,Women,42.99
14,Suede Classic XXI Women's Sneakers,Men,49.99
15,GV Special+ Men's Sneakers,Women,52.99
16,Suede Classic XXI Sneakers,Men,45.99
17,Contempt Demi Men's Training Shoes,Men,42.99
18,Viz Runner Repeat Men's Running Sneakers,Men,140.00
19,FENTY x PUMA Creeper Phatty Women's Sneakers,Women,40.99
20,PUMA Serve Pro Men's Sneakers,Men,75.00
21,RS-X Camo Dye Men's Sneakers,Women,65.99
22,Suede Classic XXI Sneakers,Men,34.99
23,Softride Sophia 2 Women's Slip-on Shoes,Men,450.00
24,SCUDERIA FERRARI x JOSHUA VIDES Speedcat Pro Men's Driving Shoes,Men,450.00
25,F1® Austin Grand Prix Speedcat Pro Men's Driving Shoes,Women,450.00
26,Scuderia Ferrari Speedcat Pro Carlos Sainz PUMA 75th Year Anniversary Celebration Men's Driving Shoes,Men,34.99
27,Tazon Advance Bold Men's Sneakers,Women,450.00
28,Mercedes-AMG PETRONAS Speedcat Pro George Russell PUMA 75th Year Anniversary Celebration Men's Driving Shoes,Men,359.99
29,FERRARI IONF Miami Men's Motorsport Shoes,Men,59.99
30,Future Rider PEB Women's Sneakers,Men,32.99
31,PUMA Smash 3.0 Menswear Men's Sneakers,Women,350.00
32,FastRoid Running Shoes,Men,34.99
33,Tazon 6 FM Men's Sneakers,Women,40.99
34,Astro Kick Sneakers,Men,40.99
35,Redon Bungee Shoes,Men,140.00
36,FENTY x PUMA Creeper Phatty Men's Sneakers,Men,37.99
37,Starla Fade Women's Training Shoes,Women,40.99
38,Star Vital Men's Training Shoes,Men,35.99
39,Adelina Women’s Ballet Shoes,Women,47.99
40,CA Pro Embroidered Women's Sneakers,Men,40.99
41,Cell Phase Femme Women's Running Shoes,Men,40.99
42,RS-X Faded Daytona Sneakers,Men,59.99
43,Star Vital Refresh Men's Running Shoes,Women,40.99
44,Softride Enzo Evo Wide Sneakers,Men,47.99
45,Astro Kick Sneakers,Women,40.99
46,Axelion Refresh Men's Running Shoes,Men,60.99
47,CA Pro PRM Women's Sneakers,Men,64.99
48,Pacer Future Lux Women's Sneakers,Men,50.99
49,ST Runner v3 L Men's Sneakers,Women,40.99
50,ST Runner v3 L Men's Sneakers,Men,40.99
51,Porsche Design Xetic Sculpt II Men's Sneakers,Women,239.99
52,Porsche Design PWRPlate Men's Training Shoes,Men,239.99
53,FENTY x PUMA AVANTI L Women's Sneakers,Men,75.00
54,Cell Rapid Running Shoes,Men,160.00
55,CA Pro Heritage Sneakers,Women,42.99
56,Porsche Design Xetic Men's Sneakers,Men,59.99
57,Viz Runner Repeat Wide Men's Running Shoes,Women,224.99
58,RS-X 'Women On The Ball' Women's Sneakers,Men,45.99
59,Tazon 6 FM Men's Sneakers,Men,59.99
60,Speedcat Shield SD Driving Shoes,Men,34.99
61,Vis2k 2000s Men's Sneakers,Women,90.00
62,PUMA x LAMELO BALL MB.01 Lo Men's Basketball Shoes,Men,60.00
63,Trinity Women's Sneakers,Women,115.00
64,Caina 2.0 Mid Lux Women's Sneakers,Men,44.99
65,PUMA HOOPS x GREMLINS All Pro NITRO™ Men's Basketball Shoes,Men,45.99
66,Star Vital Refresh Men's Running Shoes,Men,140.00
67,ST Runner v3 L Men's Sneakers,Women,42.99
68,PUMA x LAMELO BALL MB.01 Lo Men's Basketball Shoes,Men,40.99
69,Redon Bungee Shoes,Women,120.00
70,Suede Classic XXI Women's Sneakers,Men,75.00
71,Scoot Zeros Georgia Peach Men's Basketball Shoes,Men,100.00
72,Fast-R NITRO™ Elite Men's Running Shoes,Men,260.00
73,Astro Kick Sneakers,Men,40.99
74,Viz Runner Repeat Wide Men's Running Shoes,Women,37.99
75,Fast-R NITRO™ Elite Men's Running Shoes,Men,260.00
76,Cali Women's Sneakers,Women,80.00
77,Astro Kick SL Men's Sneakers,Men,32.99
78,Soft ride Flair Women's Running Shoes,Women,32.99
79,Cali Wedge Women's Sneakers,Men,90.00
80,Fast-R NITRO™ Elite 'Marathon Series' Men's Running Shoes,Women,250.00
81,Suede Classic XXI Sneakers,Men,75.00
82,Cell Phase Femme Women's Running Shoes,Men,40.99
83,Fast-R NITRO™ Elite Women's Running Shoes,Men,260.00
84,Cell Phase Femme Women's Running Shoes,Women,40.99
85,Fast-R NITRO™ Elite Women's Running Shoes,Men,260.00
86,Future Rider Camo Flagship Men's Sneakers,Women,59.99


